Name,Diameter-All(mm),Diameter-Middle(mm),Theta-All(degree),Theta-Middle(degree)
sample_02,2.910116704503534,3.1451837637003246,68.65987238865924,76.98129279984732
